{
  "server-name": {
    "env": "SERVER_NAME"
  },
  "server-port": {
    "env": "SERVER_PORT"
  },
  "server-portv6": {
    "env": "SERVER_PORT_V6"
  },
  "gamemode": {
    "env": "GAMEMODE",
    "allowed": ["survival","creative","adventure"],
    "mappings": {
      "0": "survival",
      "1": "creative",
      "2": "adventure"
    }
  },
  "difficulty": {
    "env": "DIFFICULTY",
    "allowed": ["easy","peaceful","normal","hard"],
    "mappings": {
      "0": "peaceful",
      "1": "easy",
      "2": "normal",
      "3": "hard"
    }
  },
  "level-type": {
    "env": "LEVEL_TYPE",
    "allowed": ["DEFAULT","FLAT","LEGACY"],
    "mappings": {
      "flat": "FLAT",
      "legacy": "LEGACY",
      "default": "DEFAULT"
    }
  },
  "allow-cheats": {
    "env": "ALLOW_CHEATS",
    "allowed": ["true","false"]
  },
  "max-players": {
    "env": "MAX_PLAYERS"
  },
  "online-mode": {
    "env": "ONLINE_MODE",
    "allowed": ["true","false"]
  },
  "white-list": {
    "env": "WHITE_LIST",
    "allowed": ["true","false"]
  },
  "allow-list": {
    "env": "ALLOW_LIST",
    "allowed": ["true","false"]
  },
  "view-distance": {
    "env": "VIEW_DISTANCE"
  },
  "tick-distance": {
    "env": "TICK_DISTANCE"
  },
  "player-idle-timeout": {
    "env": "PLAYER_IDLE_TIMEOUT"
  },
  "max-threads": {
    "env": "MAX_THREADS"
  },
  "compression-threshold": {
    "env": "COMPRESSION_THRESHOLD"
  },
  "level-name": {
    "env": "LEVEL_NAME"
  },
  "level-seed": {
    "env": "LEVEL_SEED"
  },
  "default-player-permission-level": {
    "env": "DEFAULT_PLAYER_PERMISSION_LEVEL",
    "allowed": ["visitor","member","operator"]
  },
  "texturepack-required": {
    "env": "TEXTUREPACK_REQUIRED",
    "allowed": ["true","false"]
  },
  "server-authoritative-movement": {
    "env": "SERVER_AUTHORITATIVE_MOVEMENT",
    "allowed": ["server-auth","client-auth","server-auth-with-rewind"],
    "mappings": {
      "true": "server-auth",
      "false": "client-auth"
    }
  },
  "server-authoritative-block-breaking": {
    "env": "SERVER_AUTHORITATIVE_BLOCK_BREAKING",
    "allowed": ["true", "false"]
  },
  "player-movement-score-threshold": {
    "env": "PLAYER_MOVEMENT_SCORE_THRESHOLD"
  },
  "player-movement-distance-threshold": {
    "env": "PLAYER_MOVEMENT_DISTANCE_THRESHOLD"
  },
  "player-movement-duration-threshold-in-ms": {
    "env": "PLAYER_MOVEMENT_DURATION_THRESHOLD_IN_MS"
  },
  "correct-player-movement": {
    "env": "CORRECT_PLAYER_MOVEMENT",
    "allowed": ["true","false"]
  }
}
